close,clore,clore
human,humain,humain
dinner,dîner,diner
information,informations,informations
date,datte,datte
paper,papier,papier
marriage,mariage,mariage
strange,étrange,etrange
court,cour,cour
chief,chef,chef
round,rond,rond
interest,intérêt,interet
common,commun,commun
judge,juge,juge
enter,entrer,entrer
cost,coût,cout
entire,entière,entiere
rock,roc,roc
uncle,oncle,oncle
dance,danse,danse
advantage,avantage,avantage
series,série,serie
east,est,est
success,succès,succes
access,accès,acces
example,exemple,exemple
familiar,familier,familier
exercise,exercice,exercice
brief,bref,bref
brilliant,brillant,brillant
comfort,confort,confort
circle,cercle,cercle
ancient,ancien,ancien
process,procès,proces
progress,progrès,progres
hero,héros,heros
hospital,hôpital,hopital
equipment,équipement,equipement
license,licence,licence
quarter,quartier,quartier
angel,ange,ange
flat,plat,plat
mile,mille,mille
forest,forêt,foret
exchange,échange,echange
adventure,aventure,aventure
giant,géant,geant
movement,mouvement,mouvement
measure,mesure,mesure
survive,survivre,survivre
block,bloc,bloc
destiny,destin,destin
organization,organisation,organisation
include,inclure,inclure
principle,principe,principe
challenge,chalenge,chalenge
cotton,coton,coton
garrison,garnison,garnison
bowl,bol,bol
traffic,trafic,trafic
payment,payement,payement
flame,flamme,flamme
favourable,favorable,favorable
stable,étable,etable
coward,couard,couard
response,réponse,reponse
pope,pape,pape
literature,littérature,litterature
throne,trône,trone
assault,assaut,assaut
civilization,civilisation,civilisation
soil,sol,sol
sheriff,shérif,sherif
crystal,cristal,cristal
function,fonction,fonction
envelope,enveloppe,enveloppe
pony,poney,poney
vehicle,véhicule,vehicule
sack,sac,sac
comparison,comparaison,comparaison
qualified,qualifié,qualifie
mason,maçon,macon
personage,personnage,personnage
porter,porteur,porteur
resemblance,ressemblance,ressemblance
babysitter,baby-sitter,baby-sitter
justified,justifié,justifie
cannon,canon,canon
jurisdiction,juridiction,juridiction
uncertain,incertain,incertain
sergeant,sergent,sergent
parlor,parloir,parloir
cane,canne,canne
bastard,bâtard,batard
click,clic,clic
bridle,bride,bride
balloon,ballon,ballon
sour,sur,sur
recommendation,recommandation,recommandation
feudal,féodal,feodal
employer,employeur,employeur
passport,passeport,passeport
admiral,amiral,amiral
torment,tourment,tourment
amendment,amendement,amendement
salmon,saumon,saumon
ounce,once,once
suffice,suffire,suffire
merchandise,marchandise,marchandise
discreet,discret,discret
excess,excès,exces
sponge,éponge,eponge
colleague,collègue,collegue
rendezvous,rendez-vous,rendez-vous
alcohol,alcool,alcool
baseball,base-ball,base-ball
arch,arc,arc
conclude,conclure,conclure
scruple,scrupule,scrupule
philosopher,philosophe,philosophe
manuscript,manuscrit,manuscrit
violin,violon,violon
magician,magicien,magicien
impracticable,impraticable,impraticable
haste,hâte,hate
bass,bas,bas
frigate,frégate,fregate
cement,ciment,ciment
advocate,avocate,avocate
volcano,volcan,volcan
dreidel,dreydel,dreydel
barber,barbier,barbier
modified,modifié,modifie
millionaire,millionnaire,millionnaire
suction,succion,succion
manor,manoir,manoir
checkup,check-up,check-up
myrtle,myrte,myrte
unstable,instable,instable
ornament,ornement,ornement
trapper,trappeur,trappeur
boom,boum,boum
sepulchre,sépulcre,sepulcre
agreeable,agréable,agreable
ruffian,rufian,rufian
coral,corail,corail
negotiation,négociation,negociation
photographer,photographe,photographe
carnival,carnaval,carnaval
yogurt,yogourt,yogourt
triumphal,triomphal,triomphal
paste,pâte,pate
fringe,frange,frange
ditto,dito,dito
serene,sereine,sereine
bible,Bible,Bible
vine,vigne,vigne
prostitute,prostituée,prostituee
prostitute,prostitué,prostitue
pedestal,piédestal,piedestal
urban,urbain,urbain
resource,ressource,ressource
tyrant,tyran,tyran
abnormal,anormal,anormal
rampart,rempart,rempart
spouse,épouse,epouse
claret,clairet,clairet
syllable,syllabe,syllabe
chariot,charriot,charriot
lever,levier,levier
jukebox,juke-box,juke-box
hare,hase,hase
cowboy,cow-boy,cow-boy
patrician,patricien,patricien
literal,littéral,litteral
homage,hommage,hommage
pasture,pâture,pature
rebound,rebond,rebond
suburban,suburbain,suburbain
vizier,vizir,vizir
injunction,injonction,injonction
prescribe,prescrire,prescrire
mall,mail,mail
weekend,week-end,week-end
patriarchal,patriarcal,patriarcal
cypress,cyprès,cypres
portmanteau,portemanteau,portemanteau
compunction,componction,componction
sweatshirt,sweat-shirt,sweat-shirt
damask,damas,damas
griffin,griffon,griffon
macaroni,macaronis,macaronis
abundance,abondance,abondance
gauze,gaze,gaze
tile,tuile,tuile
rabbi,rabbin,rabbin
demented,démente,demente
archangel,archange,archange
sepulchral,sépulcral,sepulcral
falcon,faucon,faucon
lethal,létal,letal
sylvan,sylvain,sylvain
irreconcilable,irréconciliable,irreconciliable
fungus,fongus,fongus
voluble,volubile,volubile
vegetarian,végétarien,vegetarien
specified,spécifié,specifie
mast,mât,mat
alkali,alcali,alcali
historian,historien,historien
exclude,exclure,exclure
ermine,hermine,hermine
intensive,intensives,intensives
brownie,brounie,brounie
gibbet,gibet,gibet
mendicant,mendiant,mendiant
meridian,méridien,meridien
ammonia,ammoniac,ammoniac
vagina,vagin,vagin
boxer,boxeur,boxeur
solicitation,sollicitation,sollicitation
default,défaut,defaut
odour,odeur,odeur
chalice,calice,calice
palisade,palissade,palissade
assailant,assaillant,assaillant
carbine,carabine,carabine
spaghetti,spaghettis,spaghettis
redundant,redondant,redondant
pavilion,pavillon,pavillon
undeniable,indéniable,indeniable
shaman,chaman,chaman
kleenex,Kleenex,Kleenex
supporter,supporteur,supporteur
ambuscade,embuscade,embuscade
potter,potier,potier
dragoon,dragon,dragon
fife,fifre,fifre
interpreter,interprète,interprete
untouchable,intouchable,intouchable
jasper,jaspe,jaspe
sacrament,sacrement,sacrement
fetus,fœtus,foetus
electrician,électricien,electricien
metropolitan,métropolitain,metropolitain
paragon,parangon,parangon
frontispiece,frontispice,frontispice
umbrage,ombrage,ombrage
oxide,oxyde,oxyde
contentment,contentement,contentement
abbreviation,abréviation,abreviation
trenchant,tranchant,tranchant
inhuman,inhumain,inhumain
caffeine,caféine,cafeine
cocoon,cocon,cocon
sacristan,sacristain,sacristain
manicure,manucure,manucure
diabetes,diabète,diabete
embryo,embryon,embryon
goblet,gobelet,gobelet
marijuana,marihuana,marihuana
predictable,prédictible,predictible
refugee,réfugié,refugie
engender,engendrer,engendrer
minuet,menuet,menuet
toaster,toasteur,toasteur
monosyllable,monosyllabe,monosyllabe
font,fonts,fonts
tanner,tanneur,tanneur
banns,bans,bans
dragoman,drogoman,drogoman
octagonal,octogonal,octogonal
premise,prémisse,premisse
opiate,opiacé,opiace
conjuncture,conjoncture,conjoncture
phoenix,phénix,phenix
ochre,ocre,ocre
promoter,promoteur,promoteur
giraffe,girafe,girafe
puritan,puritain,puritain
antelope,antilope,antilope
samurai,samouraï,samourai
sago,sagou,sagou
undesirable,indésirable,indesirable
abundant,abondant,abondant
gallop,galop,galop
poof,pouf,pouf
pronunciation,prononciation,prononciation
mathematician,mathématicien,mathematicien
broccoli,brocoli,brocoli
resolute,résolue,resolue
hussar,hussard,hussard
charger,chargeur,chargeur
cola,coca,coca
blazon,blason,blason
albatross,albatros,albatros
challenger,challengeur,challengeur
dysfunction,dysfonction,dysfonction
miner,mineur,mineur
connoisseur,connaisseur,connaisseur
truffle,truffe,truffe
conscript,conscrit,conscrit
deserter,déserteur,deserteur
pasha,pacha,pacha
bitumen,bitume,bitume
milkshake,milk-shake,milk-shake
skater,skateur,skateur
playboy,play-boy,play-boy
banshee,banshie,banshie
harlequin,arlequin,arlequin
mallet,maillet,maillet
schnapps,schnaps,schnaps
guerrilla,guérilla,guerilla
kelvin,Kelvin,Kelvin
vantage,avantage,avantage
technician,technicien,technicien
poltroon,poltron,poltron
moribund,moribond,moribond
unintelligible,inintelligible,inintelligible
adulterer,adultère,adultere
accordion,accordéon,accordeon
alignment,alignement,alignement
albino,albinos,albinos
cormorant,cormoran,cormoran
machete,machette,machette
fawn,faon,faon
nabob,nabab,nabab
pretzel,bretzel,bretzel
tetanus,tétanos,tetanos
copra,coprah,coprah
cleric,clerc,clerc
golfer,golfeur,golfeur
parable,parabole,parabole
proletarian,prolétarien,proletarien
mixer,mixeur,mixeur
marauder,maraudeur,maraudeur
hellebore,ellébore,ellebore
ingot,lingot,lingot
radish,radis,radis
punctuation,ponctuation,ponctuation
typhoon,typhon,typhon
semi-,demi-,demi-
teak,teck,teck
tundra,toundra,toundra
fjord,fiord,fiord
deluxe,de luxe,de luxe
peroxide,peroxyde,peroxyde
distortion,distorsion,distorsion
diocesan,diocésain,diocesain
venison,venaison,venaison
disjunction,disjonction,disjonction
indiscreet,indiscret,indiscret
kaleidoscope,caléidoscope,caleidoscope
appellant,appelant,appelant
sidereal,sidéral,sideral
viaduct,viaduc,viaduc
cheesecake,cheese cake,cheese cake
cheesecake,cheese-cake,cheese-cake
bassoon,basson,basson
latrine,letrine,letrine
simian,simien,simien
aloe,aloès,aloes
liposuction,liposuccion,liposuccion
marionette,marionnette,marionnette
dioxide,dioxyde,dioxyde
surfer,surfeur,surfeur
ornamental,ornemental,ornemental
umbilical,ombilical,ombilical
archive,archives,archives
salaam,salam,salam
astronomer,astronome,astronome
hydroxide,hydroxyde,hydroxyde
camomile,camomille,camomille
unguent,onguent,onguent
triennial,triennal,triennal
harpoon,harpon,harpon
abysmal,abyssal,abyssal
tofu,tofou,tofou
marten,marte,marte
mammoth,mammouth,mammouth
tsetse,tsé-tsé,tse-tse
mullet,mulet,mulet
alembic,alambic,alambic
transponder,transpondeur,transpondeur
ukase,oukase,oukase
ambo,ambon,ambon
festoon,feston,feston
volleyball,volley-ball,volley-ball
testicle,testicule,testicule
adjustable,ajustable,ajustable
sturgeon,esturgeon,esturgeon
basketball,basket-ball,basket-ball
colonization,colonisation,colonisation
aedile,édile,edile
localization,localisation,localisation
minibar,mini-bar,mini-bar
mortise,mortaise,mortaise
chameleon,caméléon,cameleon
reis,raïs,rais
ruble,rouble,rouble
cyberspace,cyberespace,cyberespace
modernization,modernisation,modernisation
algae,algue,algue
tsar,tzar,tzar
optician,opticien,opticien
apropos,à propos,a propos
untenable,intenable,intenable
beluga,bélouga,belouga
transliteration,translittération,translitteration
tripe,tripes,tripes
plebeian,plébéien,plebeien
repartee,repartie,repartie
corpuscle,corpuscule,corpuscule
programmer,programmeur,programmeur
nutrient,nutriment,nutriment
sequester,séquestrer,sequestrer
skier,skieur,skieur
sterilization,stérilisation,sterilisation
indisputable,indiscutable,indiscutable
yachtsman,yachtman,yachtman
apricot,abricot,abricot
grandparent,grand-parent,grand-parent
pontoon,ponton,ponton
marmoset,marmouset,marmouset
goblin,gobelin,gobelin
jihad,djihad,djihad
exploiter,exploiteur,exploiteur
shalom,chalôm,chalom
almanac,almanach,almanach
quinquennial,quinquennal,quinquennal
maniple,manipule,manipule
fallible,faillible,faillible
copier,copieur,copieur
multimillionaire,multimillionnaire,multimillionnaire
llama,lama,lama
callus,calus,calus
baccarat,baccara,baccara
arsenate,arséniate,arseniate
quotidian,quotidien,quotidien
aerolite,aérolithe,aerolithe
paella,paélia,paelia
bowline,bouline,bouline
dour,dur,dur
kickboxing,kick-boxing,kick-boxing
fraternization,fraternisation,fraternisation
macro,macro-,macro-
banya,bania,bania
alpaca,alpaga,alpaga
potpourri,pot-pourri,pot-pourri
barium,baryum,baryum
ketone,cétone,cetone
matte,mate,mate
shah,chah,chah
plankton,plancton,plancton
fellatio,fellation,fellation
bubo,bubon,bubon
pood,poud,poud
fissile,fissible,fissible
tentacle,tentacule,tentacule
fascicle,fascicule,fascicule
clef,clé,cle
antipope,antipape,antipape
boyar,boyard,boyard
braille,Braille,Braille
pomade,pommade,pommade
sidecar,side-car,side-car
swastika,svastika,svastika
kitschy,kitsch,kitsch
zeolite,zéolithe,zeolithe
assembler,assembleur,assembleur
clavicle,clavicule,clavicule
demimonde,demi-monde,demi-monde
payer,payeur,payeur
maharaja,maharadja,maharadja
hubris,hybris,hybris
amphibian,amphibien,amphibien
behemoth,Béhémoth,Behemoth
acquirable,acquérable,acquerable
hospitalization,hospitalisation,hospitalisation
ziggurat,ziggourat,ziggourat
deflower,déflorer,deflorer
draconian,draconien,draconien
wonton,wanton,wanton
